Difficulty,Title,Frequency,Acceptance Rate,Link,Topics
EASY,Two Sum,100.0,0.5577699757823065,https://leetcode.com/problems/two-sum,"Array, Hash Table"
EASY,Roman to Integer,72.7,0.6486629755684451,https://leetcode.com/problems/roman-to-integer,"Hash Table, Math, String"
EASY,Remove Duplicates from Sorted Array,72.5,0.6035554156558056,https://leetcode.com/problems/remove-duplicates-from-sorted-array,"Array, Two Pointers"
EASY,Maximum Depth of Binary Tree,71.5,0.7713812591018272,https://leetcode.com/problems/maximum-depth-of-binary-tree,"Tree, Depth-First Search, Breadth-First Search, Binary Tree"
EASY,Merge Sorted Array,71.1,0.5291952521829845,https://leetcode.com/problems/merge-sorted-array,"Array, Two Pointers, Sorting"
EASY,Best Time to Buy and Sell Stock,66.7,0.5525961867035106,https://leetcode.com/problems/best-time-to-buy-and-sell-stock,"Array, Dynamic Programming"
EASY,Climbing Stairs,65.0,0.5354071485062312,https://leetcode.com/problems/climbing-stairs,"Math, Dynamic Programming, Memoization"
EASY,Majority Element,65.0,0.6574030136621551,https://leetcode.com/problems/majority-element,"Array, Hash Table, Divide and Conquer, Sorting, Counting"
EASY,Merge Two Sorted Lists,65.0,0.6684090056943416,https://leetcode.com/problems/merge-two-sorted-lists,"Linked List, Recursion"
EASY,Longest Common Prefix,63.1,0.4548309025352272,https://leetcode.com/problems/longest-common-prefix,"String, Trie"
EASY,Valid Parentheses,63.1,0.4232284103473356,https://leetcode.com/problems/valid-parentheses,"String, Stack"
EASY,Palindrome Number,63.1,0.5922454050733309,https://leetcode.com/problems/palindrome-number,Math
EASY,Linked List Cycle,62.9,0.5257064695869657,https://leetcode.com/problems/linked-list-cycle,"Hash Table, Linked List, Two Pointers"
EASY,Search Insert Position,56.2,0.4901244251742735,https://leetcode.com/problems/search-insert-position,"Array, Binary Search"
EASY,Remove Element,56.2,0.6003164708838318,https://leetcode.com/problems/remove-element,"Array, Two Pointers"
EASY,Find the Index of the First Occurrence in a String,53.4,0.4497159944871258,https://leetcode.com/problems/find-the-index-of-the-first-occurrence-in-a-string,"Two Pointers, String, String Matching"
EASY,Plus One,53.4,0.4754761581752355,https://leetcode.com/problems/plus-one,"Array, Math"
EASY,Sqrt(x),50.1,0.4037182392889935,https://leetcode.com/problems/sqrtx,"Math, Binary Search"
EASY,Pascal's Triangle,50.1,0.7702154627018639,https://leetcode.com/problems/pascals-triangle,"Array, Dynamic Programming"
EASY,Valid Palindrome,46.2,0.5096354153051617,https://leetcode.com/problems/valid-palindrome,"Two Pointers, String"
EASY,Length of Last Word,41.5,0.5631924830033241,https://leetcode.com/problems/length-of-last-word,String
EASY,Single Number,41.5,0.7596884851488054,https://leetcode.com/problems/single-number,"Array, Bit Manipulation"
EASY,Employees Earning More Than Their Managers,35.4,0.7153023627322151,https://leetcode.com/problems/employees-earning-more-than-their-managers,Database
EASY,Binary Tree Preorder Traversal,35.4,0.7322651840223082,https://leetcode.com/problems/binary-tree-preorder-traversal,"Stack, Tree, Depth-First Search, Binary Tree"
EASY,Symmetric Tree,35.4,0.5927867908424697,https://leetcode.com/problems/symmetric-tree,"Tree, Depth-First Search, Breadth-First Search, Binary Tree"
EASY,Same Tree,27.2,0.6512686030062623,https://leetcode.com/problems/same-tree,"Tree, Depth-First Search, Breadth-First Search, Binary Tree"
EASY,Pascal's Triangle II,27.2,0.6595095999302276,https://leetcode.com/problems/pascals-triangle-ii,"Array, Dynamic Programming"
MEDIUM,Flatten Nested List Iterator,100.0,0.6522839525510098,https://leetcode.com/problems/flatten-nested-list-iterator,"Stack, Tree, Depth-First Search, Design, Queue, Iterator"
MEDIUM,Combination Sum,100.0,0.7467469429014523,https://leetcode.com/problems/combination-sum,"Array, Backtracking"
MEDIUM,Spiral Matrix,100.0,0.5393974560587809,https://leetcode.com/problems/spiral-matrix,"Array, Matrix, Simulation"
MEDIUM,Longest Substring Without Repeating Characters,78.0,0.3693617129878996,https://leetcode.com/problems/longest-substring-without-repeating-characters,"Hash Table, String, Sliding Window"
MEDIUM,Container With Most Water,76.0,0.5778283910753957,https://leetcode.com/problems/container-with-most-water,"Array, Two Pointers, Greedy"
MEDIUM,3Sum,71.1,0.3707096562666586,https://leetcode.com/problems/3sum,"Array, Two Pointers, Sorting"
MEDIUM,Add Two Numbers,71.1,0.4622508203776938,https://leetcode.com/problems/add-two-numbers,"Linked List, Math, Recursion"
MEDIUM,Longest Palindromic Substring,69.8,0.3584612708187535,https://leetcode.com/problems/longest-palindromic-substring,"Two Pointers, String, Dynamic Programming"
MEDIUM,LRU Cache,67.7,0.4521462265150519,https://leetcode.com/problems/lru-cache,"Hash Table, Linked List, Design, Doubly-Linked List"
MEDIUM,Rotate Image,66.7,0.7790166005161556,https://leetcode.com/problems/rotate-image,"Array, Math, Matrix"
MEDIUM,Word Break,64.6,0.4827376736888245,https://leetcode.com/problems/word-break,"Array, Hash Table, String, Dynamic Programming, Trie, Memoization"
MEDIUM,Merge Intervals,63.1,0.493952611273816,https://leetcode.com/problems/merge-intervals,"Array, Sorting"
MEDIUM,Generate Parentheses,63.1,0.7713286717803378,https://leetcode.com/problems/generate-parentheses,"String, Dynamic Programming, Backtracking"
MEDIUM,Jump Game,61.0,0.3947923399592662,https://leetcode.com/problems/jump-game,"Array, Dynamic Programming, Greedy"
MEDIUM,Group Anagrams,56.2,0.7092883620495999,https://leetcode.com/problems/group-anagrams,"Array, Hash Table, String, Sorting"
MEDIUM,Count and Say,53.4,0.6050656775612677,https://leetcode.com/problems/count-and-say,String
MEDIUM,Reverse Integer,53.4,0.3030894169544985,https://leetcode.com/problems/reverse-integer,Math
MEDIUM,Subsets,53.4,0.8087959327713439,https://leetcode.com/problems/subsets,"Array, Backtracking, Bit Manipulation"
MEDIUM,Find First and Last Position of Element in Sorted Array,51.6,0.4682877790035566,https://leetcode.com/problems/find-first-and-last-position-of-element-in-sorted-array,"Array, Binary Search"
MEDIUM,Letter Combinations of a Phone Number,50.1,0.638575527047244,https://leetcode.com/problems/letter-combinations-of-a-phone-number,"Hash Table, String, Backtracking"
MEDIUM,Set Matrix Zeroes,50.1,0.6070888278303417,https://leetcode.com/problems/set-matrix-zeroes,"Array, Hash Table, Matrix"
MEDIUM,Largest Number,50.1,0.412803811932624,https://leetcode.com/problems/largest-number,"Array, String, Greedy, Sorting"
MEDIUM,Divide Two Integers,50.1,0.1839697508503305,https://leetcode.com/problems/divide-two-integers,"Math, Bit Manipulation"
MEDIUM,Maximum Subarray,50.1,0.5209980078467712,https://leetcode.com/problems/maximum-subarray,"Array, Divide and Conquer, Dynamic Programming"
MEDIUM,Next Permutation,46.2,0.4305775328017951,https://leetcode.com/problems/next-permutation,"Array, Two Pointers"
MEDIUM,"Pow(x, n)",46.2,0.3702320780202567,https://leetcode.com/problems/powx-n,"Math, Recursion"
MEDIUM,Binary Tree Level Order Traversal,46.2,0.7059658655789185,https://leetcode.com/problems/binary-tree-level-order-traversal,"Tree, Breadth-First Search, Binary Tree"
MEDIUM,Zigzag Conversion,46.2,0.5160680917948327,https://leetcode.com/problems/zigzag-conversion,String
MEDIUM,Recover Binary Search Tree,41.5,0.5632419701221939,https://leetcode.com/problems/recover-binary-search-tree,"Tree, Depth-First Search, Binary Search Tree, Binary Tree"
MEDIUM,Permutations,41.5,0.8066013741849325,https://leetcode.com/problems/permutations,"Array, Backtracking"
MEDIUM,3Sum Closest,41.5,0.468869600214817,https://leetcode.com/problems/3sum-closest,"Array, Two Pointers, Sorting"
MEDIUM,Longest Consecutive Sequence,41.5,0.4704082377539024,https://leetcode.com/problems/longest-consecutive-sequence,"Array, Hash Table, Union Find"
MEDIUM,Sort Colors,41.5,0.675831142046278,https://leetcode.com/problems/sort-colors,"Array, Two Pointers, Sorting"
MEDIUM,Gas Station,41.5,0.4638364017952925,https://leetcode.com/problems/gas-station,"Array, Greedy"
MEDIUM,Validate Binary Search Tree,39.9,0.343803953439491,https://leetcode.com/problems/validate-binary-search-tree,"Tree, Depth-First Search, Binary Search Tree, Binary Tree"
MEDIUM,Search in Rotated Sorted Array,39.9,0.4283721971123102,https://leetcode.com/problems/search-in-rotated-sorted-array,"Array, Binary Search"
MEDIUM,Search a 2D Matrix,39.9,0.5228958306958686,https://leetcode.com/problems/search-a-2d-matrix,"Array, Binary Search, Matrix"
MEDIUM,4Sum,35.4,0.3821904512390038,https://leetcode.com/problems/4sum,"Array, Two Pointers, Sorting"
MEDIUM,Remove Nth Node From End of List,35.4,0.4896108043053624,https://leetcode.com/problems/remove-nth-node-from-end-of-list,"Linked List, Two Pointers"
MEDIUM,String to Integer (atoi),35.4,0.1922941794548009,https://leetcode.com/problems/string-to-integer-atoi,String
MEDIUM,Valid Sudoku,35.4,0.6227676961475801,https://leetcode.com/problems/valid-sudoku,"Array, Hash Table, Matrix"
MEDIUM,Integer to Roman,35.4,0.6861927118001762,https://leetcode.com/problems/integer-to-roman,"Hash Table, Math, String"
MEDIUM,Unique Paths,35.4,0.6577287347956182,https://leetcode.com/problems/unique-paths,"Math, Dynamic Programming, Combinatorics"
MEDIUM,Maximum Product Subarray,35.4,0.3494163386348176,https://leetcode.com/problems/maximum-product-subarray,"Array, Dynamic Programming"
MEDIUM,Best Time to Buy and Sell Stock II,35.4,0.6950028393422977,https://leetcode.com/problems/best-time-to-buy-and-sell-stock-ii,"Array, Dynamic Programming, Greedy"
MEDIUM,Remove Duplicates from Sorted Array II,35.4,0.6290189928963057,https://leetcode.com/problems/remove-duplicates-from-sorted-array-ii,"Array, Two Pointers"
MEDIUM,Min Stack,27.2,0.5644513974486727,https://leetcode.com/problems/min-stack,"Stack, Design"
MEDIUM,Find Minimum in Rotated Sorted Array,27.2,0.526482506436914,https://leetcode.com/problems/find-minimum-in-rotated-sorted-array,"Array, Binary Search"
MEDIUM,Single Number II,27.2,0.6522779397029894,https://leetcode.com/problems/single-number-ii,"Array, Bit Manipulation"
MEDIUM,Reorder List,27.2,0.6250472496365317,https://leetcode.com/problems/reorder-list,"Linked List, Two Pointers, Stack, Recursion"
MEDIUM,Copy List with Random Pointer,27.2,0.6053669280147949,https://leetcode.com/problems/copy-list-with-random-pointer,"Hash Table, Linked List"
MEDIUM,Palindrome Partitioning,27.2,0.7212810040343407,https://leetcode.com/problems/palindrome-partitioning,"String, Dynamic Programming, Backtracking"
MEDIUM,Simplify Path,27.2,0.4785434600375143,https://leetcode.com/problems/simplify-path,"String, Stack"
MEDIUM,Minimum Path Sum,27.2,0.6648155183150112,https://leetcode.com/problems/minimum-path-sum,"Array, Dynamic Programming, Matrix"
MEDIUM,Construct Binary Tree from Preorder and Inorder Traversal,27.2,0.668377617598449,https://leetcode.com/problems/construct-binary-tree-from-preorder-and-inorder-traversal,"Array, Hash Table, Divide and Conquer, Tree, Binary Tree"
MEDIUM,Flatten Binary Tree to Linked List,27.2,0.6851012546095053,https://leetcode.com/problems/flatten-binary-tree-to-linked-list,"Linked List, Stack, Tree, Depth-First Search, Binary Tree"
MEDIUM,Unique Paths II,27.2,0.4315429368374767,https://leetcode.com/problems/unique-paths-ii,"Array, Dynamic Programming, Matrix"
MEDIUM,Rotate List,27.2,0.3994474215303328,https://leetcode.com/problems/rotate-list,"Linked List, Two Pointers"
MEDIUM,Insert Interval,27.2,0.4347363258241994,https://leetcode.com/problems/insert-interval,Array
MEDIUM,Unique Binary Search Trees,27.2,0.6244520536210353,https://leetcode.com/problems/unique-binary-search-trees,"Math, Dynamic Programming, Tree, Binary Search Tree, Binary Tree"
MEDIUM,Reverse Linked List II,27.2,0.4959169197997752,https://leetcode.com/problems/reverse-linked-list-ii,Linked List
MEDIUM,Sort List,27.2,0.618074922962942,https://leetcode.com/problems/sort-list,"Linked List, Two Pointers, Divide and Conquer, Sorting, Merge Sort"
MEDIUM,Rank Scores,27.2,0.6530068484300299,https://leetcode.com/problems/rank-scores,Database
MEDIUM,Interleaving String,25.9,0.4217918033968859,https://leetcode.com/problems/interleaving-string,"String, Dynamic Programming"
MEDIUM,Edit Distance,25.9,0.5878982412660271,https://leetcode.com/problems/edit-distance,"String, Dynamic Programming"
MEDIUM,Clone Graph,25.9,0.6238566966683535,https://leetcode.com/problems/clone-graph,"Hash Table, Depth-First Search, Breadth-First Search, Graph"
MEDIUM,Search in Rotated Sorted Array II,25.9,0.3887966905064399,https://leetcode.com/problems/search-in-rotated-sorted-array-ii,"Array, Binary Search"
HARD,Median of Two Sorted Arrays,70.3,0.4381459947290795,https://leetcode.com/problems/median-of-two-sorted-arrays,"Array, Binary Search, Divide and Conquer"
HARD,Trapping Rain Water,56.2,0.6510195479297859,https://leetcode.com/problems/trapping-rain-water,"Array, Two Pointers, Dynamic Programming, Stack, Monotonic Stack"
HARD,Largest Rectangle in Histogram,46.2,0.4737767587697204,https://leetcode.com/problems/largest-rectangle-in-histogram,"Array, Stack, Monotonic Stack"
HARD,Regular Expression Matching,46.2,0.2928016951876336,https://leetcode.com/problems/regular-expression-matching,"String, Dynamic Programming, Recursion"
HARD,Sudoku Solver,35.4,0.6390861285730938,https://leetcode.com/problems/sudoku-solver,"Array, Hash Table, Backtracking, Matrix"
HARD,Reverse Nodes in k-Group,27.2,0.6304367155462768,https://leetcode.com/problems/reverse-nodes-in-k-group,"Linked List, Recursion"
HARD,N-Queens,27.2,0.7281709577288431,https://leetcode.com/problems/n-queens,"Array, Backtracking"
HARD,Longest Valid Parentheses,27.2,0.363131398866258,https://leetcode.com/problems/longest-valid-parentheses,"String, Dynamic Programming, Stack"
HARD,Minimum Window Substring,27.2,0.453507174481593,https://leetcode.com/problems/minimum-window-substring,"Hash Table, String, Sliding Window"
HARD,Merge k Sorted Lists,27.2,0.5677421026542292,https://leetcode.com/problems/merge-k-sorted-lists,"Linked List, Divide and Conquer, Heap (Priority Queue), Merge Sort"
HARD,Word Ladder,27.2,0.4281184465599619,https://leetcode.com/problems/word-ladder,"Hash Table, String, Breadth-First Search"
HARD,Maximal Rectangle,25.9,0.5370849969586674,https://leetcode.com/problems/maximal-rectangle,"Array, Dynamic Programming, Stack, Matrix, Monotonic Stack"
